date,pv,cart,fav,buy,pv_to_buy_rate,pv_to_cart_rate
2017-11-25,686953,237553,115031,132622,19.31,34.58
2017-11-26,695869,247038,117699,136048,19.55,35.5
2017-11-27,689260,235841,114396,146934,21.32,34.22
2017-11-28,688042,234424,114014,139845,20.33,34.07
2017-11-29,697542,240008,116526,146220,20.96,34.41
2017-11-30,709586,244083,117689,146128,20.59,34.4
2017-12-01,718184,261298,119619,139971,19.49,36.38
2017-12-02,939383,332526,151183,174487,18.57,35.4
2017-12-03,936431,327795,149962,173225,18.5,35.0
